ImageID,Subset,OriginalURL,OriginalLandingURL,License,AuthorProfileURL,Author,Title,OriginalSize,OriginalMD5,Thumbnail300KURL,Rotation
0025d1950652e2f8,train,https://c1.staticflickr.com/8/7020/6739450819_5b70d6b45f_o.jpg,https://www.flickr.com/photos/daquellamanera/6739450819,https://creativecommons.org/licenses/by/2.0/,https://www.flickr.com/people/daquellamanera/,Daniel Lobo,Paseo de la Castellana,576901,7umWEIMPz8KoTG4uJmSs4w==,https://c4.staticflickr.com/8/7020/6739450819_d711aee5c2_z.jpg,0.0
9aa29d4adc92266e,train,https://c7.staticflickr.com/9/8035/7936013448_c7a008a2b4_o.jpg,https://www.flickr.com/photos/exaudio/7936013448,https://creativecommons.org/licenses/by/2.0/,https://www.flickr.com/people/exaudio/,Jon Hanson,View from the Bund. Shanghai,334842,tp9jffm8L4cfWSChjxmIpw==,https://c8.staticflickr.com/9/8035/7936013448_7dc2bc9dea_z.jpg,0.0
00a7e199f36d16e7,train,https://farm8.staticflickr.com/4078/4807058753_f90aeb89c9_o.jpg,https://www.flickr.com/photos/zouny/4807058753,https://creativecommons.org/licenses/by/2.0/,https://www.flickr.com/people/zouny/,Johnny Ainsworth,DSC_0751,1238018,ErlONqjedGVyawjNt7e7ow==,https://c7.staticflickr.com/5/4078/4807058753_932b66a04b_z.jpg,0.0
6401475e96a3ea0a,train,https://c3.staticflickr.com/1/54/135813586_0c32fe4f1d_o.jpg,https://www.flickr.com/photos/billjacobus1/135813586/,https://creativecommons.org/licenses/by/2.0/,https://www.flickr.com/people/billjacobus1/,Bill Jacobus,Abstract Houston,46920,YUvw3S64a5WLFGfE6dNdgA==,,
435d9f47d87d246a,train,https://c3.staticflickr.com/8/7113/7429979384_2719e0742e_o.jpg,https://www.flickr.com/photos/bitboy/7429979384/,https://creativecommons.org/licenses/by/2.0/,https://www.flickr.com/people/bitboy/,Bit Boy,SF From Alcatraz Island,2112997,3Evaflm5W2bpfeeSjC0HjA==,https://c7.staticflickr.com/8/7113/7429979384_aa5276d628_z.jpg,0.0
006a2e98a6fc8131,train,https://farm2.staticflickr.com/5174/5458928090_a63b7d178a_o.jpg,https://www.flickr.com/photos/vxla/5458928090,https://creativecommons.org/licenses/by/2.0/,https://www.flickr.com/people/vxla/,vxla,South Branch of the Chicago River,9048576,yMIl/a+M3+J3vYVtvdSKkw==,https://c3.staticflickr.com/6/5174/5458928090_e0d8624dfe_z.jpg,0.0
00b518b6f5fa75a3,train,https://farm4.staticflickr.com/8007/7658826890_2ca7aba05f_o.jpg,https://www.flickr.com/photos/83641672@N07/7658826890,https://creativecommons.org/licenses/by/2.0/,https://www.flickr.com/people/83641672@N07/,Lucas Garcia,Alphaville e Vila Boa Vista,543461,nfRO2P+DNm52AMWt1RmivQ==,https://c4.staticflickr.com/9/8007/7658826890_1496ce2040_z.jpg,0.0
07dd7409f8c112d8,train,https://c1.staticflickr.com/6/5102/5561456506_cb5af5c411_o.jpg,https://www.flickr.com/photos/bao_tri_nguyen/5561456506,https://creativecommons.org/licenses/by/2.0/,https://www.flickr.com/people/bao_tri_nguyen/,Tri Nguyen,Ä�áº³ng cáº¥p sá»‘ng ...?!,594971,U+qEPwLW62+qJ85AgAxt2Q==,https://c4.staticflickr.com/6/5102/5561456506_d564ea79f0_z.jpg,0.0
002c3cfbadaa29c4,train,https://farm5.staticflickr.com/3781/20266997145_109ea2e42e_o.jpg,https://www.flickr.com/photos/53113704@N03/20266997145,https://creativecommons.org/licenses/by/2.0/,https://www.flickr.com/people/53113704@N03/,Traveltipy,KoÅ¡ice - district on the lake called Nad Jazerom,5056689,zzeYLkrK05/g65tv3VpPYg==,https://c7.staticflickr.com/4/3781/20266997145_54c5c87c8d_z.jpg,0.0
0193dccaa8e567f3,train,https://farm4.staticflickr.com/669/20351241859_378e2127d2_o.jpg,https://www.flickr.com/photos/south-african-tourism/20351241859,https://creativecommons.org/licenses/by/2.0/,https://www.flickr.com/people/south-african-tourism/,South African Tourism,"Bloemfontein, Free State, South Africa",11269427,aryqmGsKRRXuNRzoaNW0Pg==,https://c8.staticflickr.com/1/669/20351241859_cf72bec02a_z.jpg,
5fcd2d022ab18578,test,https://c1.staticflickr.com/3/2360/1629273674_3bdaed09f8_o.jpg,https://www.flickr.com/photos/caspermoller/1629273674,https://creativecommons.org/licenses/by/2.0/,https://www.flickr.com/people/caspermoller/,Casper Moller,IMG_0126.jpg,837534,Lab/RAHGZ9zwA5qg1236DQ==,https://c4.staticflickr.com/3/2360/1629273674_ea3061437f_z.jpg,0.0
009a212ab8033394,train,https://farm5.staticflickr.com/6194/6069230113_0ac4d124a8_o.jpg,https://www.flickr.com/photos/panr/6069230113,https://creativecommons.org/licenses/by/2.0/,https://www.flickr.com/people/panr/,Robert Cutts,Birkenhead seen from across the Mersey,413827,/SWpOYnzjqlLpDSvc4F8MA==,https://c6.staticflickr.com/7/6194/6069230113_87e841ffd0_z.jpg,0.0
002ec3785472ae78,train,https://c1.staticflickr.com/8/7282/8713904067_c0ff2c91fc_o.jpg,https://www.flickr.com/photos/fran001/8713904067,https://creativecommons.org/licenses/by/2.0/,https://www.flickr.com/people/fran001/,Francisco Anzola,Dubai skyscrapers,6281824,tyJ09MTJ0hZEUML87FWJEA==,https://c6.staticflickr.com/8/7282/8713904067_a0498b4d26_z.jpg,0.0
04c3788f162e8bd0,train,https://farm1.staticflickr.com/7697/16481743633_9c2cee189a_o.jpg,https://www.flickr.com/photos/bexwalton/16481743633,https://creativecommons.org/licenses/by/2.0/,https://www.flickr.com/people/bexwalton/,Bex Walton,Lower Manhattan,1828339,rvWcZu46x3mTaESYwZrqdA==,https://c2.staticflickr.com/8/7697/16481743633_8cd21f59e8_z.jpg,0.0
0df2b643bf350da9,train,https://c2.staticflickr.com/9/8008/7570743054_a3c1fdc4ce_o.jpg,https://www.flickr.com/photos/jnewland/7570743054/,https://creativecommons.org/licenses/by/2.0/,https://www.flickr.com/people/jnewland/,Jesse Newland,Untitled,5104996,tymyAnVdiiwVPxMppBJoPg==,https://c5.staticflickr.com/9/8008/7570743054_18e7557328_z.jpg,0.0
00252769f627a383,train,https://farm4.staticflickr.com/3568/3349800770_d63c82e7ed_o.jpg,https://www.flickr.com/photos/alperians/3349800770,https://creativecommons.org/licenses/by/2.0/,https://www.flickr.com/people/alperians/,Alperians,IMG_1575,4166518,/Z9vUBmVb9K88P4goLOVUQ==,https://c4.staticflickr.com/4/3568/3349800770_fb4e68a9cd_z.jpg,0.0
000c6388be8d67a0,train,https://farm1.staticflickr.com/3219/2880634746_e71f89a91d_o.jpg,https://www.flickr.com/photos/fuzzy/2880634746,https://creativecommons.org/licenses/by/2.0/,https://www.flickr.com/people/fuzzy/,Fuzzy Gerdes,Chicago,2873517,BBUQXUxCielMbUz78nQVuw==,https://c6.staticflickr.com/4/3219/2880634746_b08f8232bc_z.jpg,0.0
00824f58e6ae733c,train,https://c5.staticflickr.com/4/3786/10111442256_7b283822cf_o.jpg,https://www.flickr.com/photos/bootbearwdc/10111442256,https://creativecommons.org/licenses/by/2.0/,https://www.flickr.com/people/bootbearwdc/,David,_MG_5699,7349688,oVWCCk8+CXuNWtcNBXvkdA==,https://c1.staticflickr.com/4/3786/10111442256_61e89d0984_z.jpg,0.0
11208c94b73b53c8,train,https://c1.staticflickr.com/3/2182/2410126973_0465c2ed8c_o.jpg,https://www.flickr.com/photos/carios/2410126973,https://creativecommons.org/licenses/by/2.0/,https://www.flickr.com/people/carios/,fotocarios,RSRä¼šå ´ã�«ã�¦,147711,ashFTzuAimxB+2tsd8RbEg==,https://c5.staticflickr.com/3/2182/2410126973_b2a179b9e8_z.jpg?zz=1,0.0
10896b8c9aaf34cf,train,https://c8.staticflickr.com/9/8083/8403913644_8da455e87b_o.jpg,https://www.flickr.com/photos/neilghamilton/8403913644,https://creativecommons.org/licenses/by/2.0/,https://www.flickr.com/people/neilghamilton/,Neil H,Untitled,1164685,hKuOSN1bZdPt98pEt+C50g==,https://c2.staticflickr.com/9/8083/8403913644_981b35034b_z.jpg,0.0
011a574fd342ab53,train,https://farm4.staticflickr.com/3030/3088045548_0124bdbb35_o.jpg,https://www.flickr.com/photos/nevstokes/3088045548,https://creativecommons.org/licenses/by/2.0/,https://www.flickr.com/people/nevstokes/,nevstokes,From Jacob's Ladder,5084259,JIUcRt1w5LAdwGFQ4XCmrg==,https://c7.staticflickr.com/4/3030/3088045548_479f9d26d7_z.jpg,0.0
0114fd9055e63b65,train,https://farm6.staticflickr.com/8302/7858959250_7b6183179e_o.jpg,https://www.flickr.com/photos/johnas/7858959250,https://creativecommons.org/licenses/by/2.0/,https://www.flickr.com/people/johnas/,jo.sau,Singapore,465652,WKsPJ4k4ejZMV+dIOrx5+w==,https://c6.staticflickr.com/9/8302/7858959250_35e10e6c15_z.jpg,0.0
2ed133e8f665c7cc,validation,https://c5.staticflickr.com/6/5476/10572678146_2506e5d3cf_o.jpg,https://www.flickr.com/photos/dirkvorderstrasse/10572678146,https://creativecommons.org/licenses/by/2.0/,https://www.flickr.com/people/dirkvorderstrasse/,Dirk VorderstraÃŸe,RWE-Kraftwerksneubau in Hamm-Uentrop vom Haarstrang aus gesehen,557465,gBQxPKr+W3DBL+e4bzVvVw==,https://c1.staticflickr.com/6/5476/10572678146_4b1ba6f7ee_z.jpg,0.0
113803658fe2076b,train,https://c4.staticflickr.com/7/6064/6061837622_6f7ebc9864_o.jpg,https://www.flickr.com/photos/rafaelrobles/6061837622,https://creativecommons.org/licenses/by/2.0/,https://www.flickr.com/people/rafaelrobles/,Rafael Robles,Vista de TeherÃ¡n desde los montes Alburtz,2705416,++KRaUtb3uFrPMANicLmew==,https://c4.staticflickr.com/7/6064/6061837622_ac40ef9ac4_z.jpg,0.0
efe0de6f6f130d94,test,https://farm5.staticflickr.com/3164/3034830533_a8afb52982_o.jpg,https://www.flickr.com/photos/tjgfernandes/3034830533,https://creativecommons.org/licenses/by/2.0/,https://www.flickr.com/people/tjgfernandes/,Tiago J. G. Fernandes,Monte Alentejano,339553,TrvBJbPVGy2ynnwhffxk7A==,https://c8.staticflickr.com/4/3164/3034830533_6622fa6956_z.jpg,0.0
d4ddcc06cc2b1f9b,test,https://c4.staticflickr.com/8/7282/16433223577_53a6b7696a_o.jpg,https://www.flickr.com/photos/magneticmediafed/16433223577,https://creativecommons.org/licenses/by/2.0/,https://www.flickr.com/people/magneticmediafed/,RecoilRick,"Downtown Nashville, winter",515077,Xcq42q7c5FsEjd1SPy/Hfg==,https://c8.staticflickr.com/8/7282/16433223577_a1909414a1_z.jpg,
784be986eeae58da,validation,https://c3.staticflickr.com/4/3945/15685990882_cc8000c4f9_o.jpg,https://www.flickr.com/photos/ganmed64/15685990882,https://creativecommons.org/licenses/by/2.0/,https://www.flickr.com/people/ganmed64/,GanMed64,Rugeley Power Station,2101801,aa96BMCQYtp8rzJ2ZNy+aw==,https://c8.staticflickr.com/4/3945/15685990882_b4149c6cdd_z.jpg,0.0
001ca8f5696a5fcd,train,https://c6.staticflickr.com/8/7340/10398461516_ddf5ac9fb4_o.jpg,https://www.flickr.com/photos/gotovan/10398461516,https://creativecommons.org/licenses/by/2.0/,https://www.flickr.com/people/gotovan/,GoToVan,Stanley Park,5486612,OAKzRbkmLVMTUWfHsmz9kQ==,https://c1.staticflickr.com/8/7340/10398461516_e68286aab2_z.jpg,0.0
0aabbd62f968ec15,train,https://farm6.staticflickr.com/8527/8635634042_ac9b27101e_o.jpg,https://www.flickr.com/photos/marle-maria/8635634042,https://creativecommons.org/licenses/by/2.0/,https://www.flickr.com/people/marle-maria/,Marle&#x27;s,IMG_5146,1075995,ISw9esSqUbsx7Ibi26a6+w==,https://c8.staticflickr.com/9/8527/8635634042_511cbb415f_z.jpg,0.0
039268b677ab4f63,train,https://farm4.staticflickr.com/222/469071128_ba277025be_o.jpg,https://www.flickr.com/photos/kevcyn/469071128,https://creativecommons.org/licenses/by/2.0/,https://www.flickr.com/people/kevcyn/,Kevin Stephenson,Sears Tower - Downtown,1087922,g81EtPZB0XTep0aGJFLonQ==,https://c1.staticflickr.com/1/222/469071128_d1ab5a4582_z.jpg,0.0
0099d4cbcd86d84d,train,https://c6.staticflickr.com/4/3044/2646794635_0e190ec456_o.jpg,https://www.flickr.com/photos/ananth/2646794635,https://creativecommons.org/licenses/by/2.0/,https://www.flickr.com/people/ananth/,Ananth BS,IMG_4663,1609819,3dsZzrY/LnBkSm5ZXPN8zA==,https://c5.staticflickr.com/4/3044/2646794635_9e816809ba_z.jpg,0.0
176981f77c04ee1e,train,https://c7.staticflickr.com/6/5111/14105586251_ce30370b40_o.jpg,https://www.flickr.com/photos/over-sharer/14105586251,https://creativecommons.org/licenses/by/2.0/,https://www.flickr.com/people/over-sharer/,Mariana Montes de Oca,This is Just The Beginning,2393861,1GOdymPBqrR8FnGCZngLRg==,https://c1.staticflickr.com/6/5111/14105586251_6060143f9a_z.jpg,0.0
02340ff2d1d5c854,train,https://farm5.staticflickr.com/7312/16363492442_f98974d6c1_o.jpg,https://www.flickr.com/photos/-ocean/16363492442,https://creativecommons.org/licenses/by/2.0/,https://www.flickr.com/people/-ocean/,-ocean,âˆ†,4410666,MVsxkSk1y1uuJu0MwJEkeQ==,https://c7.staticflickr.com/8/7312/16363492442_2b8ba27e35_z.jpg,0.0
0049bc3020b4c1c1,train,https://farm2.staticflickr.com/3519/3891656788_c22ef1dd8e_o.jpg,https://www.flickr.com/photos/23727257@N00/3891656788,https://creativecommons.org/licenses/by/2.0/,https://www.flickr.com/people/23727257@N00/,Suzie Tremmel,Over Saturated Raleigh,3680983,Qel8vNYFphYNT7lxgRZ3xQ==,https://c1.staticflickr.com/4/3519/3891656788_f5c84586b0_z.jpg,0.0
0159bc0ff126e0d7,train,https://farm8.staticflickr.com/7022/6652491189_5649d1b232_o.jpg,https://www.flickr.com/photos/brownpau/6652491189,https://creativecommons.org/licenses/by/2.0/,https://www.flickr.com/people/brownpau/,brownpau,Hong Kong Star Ferry,4925714,zexWSOknR3PTCQWFIrVG3g==,https://c4.staticflickr.com/8/7022/6652491189_919f677c50_z.jpg,0.0
5dc05be3eb3c1de4,train,https://farm5.staticflickr.com/6210/6085943328_28a1950591_o.jpg,https://www.flickr.com/photos/brownpau/6085943328,https://creativecommons.org/licenses/by/2.0/,https://www.flickr.com/people/brownpau/,brownpau,Hurricane Panorama,1284246,WIzkctyDOHvSJ2Y0picgiw==,https://c6.staticflickr.com/7/6210/6085943328_f6c4d7a061_z.jpg,0.0
0b8d61687706a6ea,train,https://c3.staticflickr.com/3/2911/14183571617_72206151b0_o.jpg,https://www.flickr.com/photos/kylehase/14183571617,https://creativecommons.org/licenses/by/2.0/,https://www.flickr.com/people/kylehase/,Kyle Hasegawa,DSC02887,516971,gGUw7nXa/Em89R6n3Lp01g==,https://c1.staticflickr.com/3/2911/14183571617_0ab6a189f7_z.jpg,0.0
0621e417f5713b88,train,https://c1.staticflickr.com/8/7472/15984839366_ce2002bbac_o.jpg,https://www.flickr.com/photos/sky_hlv/15984839366,https://creativecommons.org/licenses/by/2.0/,https://www.flickr.com/people/sky_hlv/,Jose A.,Madrid (Spain),2414936,OT+ICCVibFHvmK0loKi5pQ==,https://c5.staticflickr.com/8/7472/15984839366_b5563f55bd_z.jpg,0.0
01b3f6254384e578,train,https://c1.staticflickr.com/9/8209/8168349825_02657c125b_o.jpg,https://www.flickr.com/photos/magdav/8168349825,https://creativecommons.org/licenses/by/2.0/,https://www.flickr.com/people/magdav/,David Flores,Untitled,1001167,JGB3cWAB1NgXe2VO1Hogmw==,https://c8.staticflickr.com/9/8209/8168349825_86d2cc7843_z.jpg,0.0
013c37b5abdd34c2,train,https://farm3.staticflickr.com/2946/15203893800_8b4c5a2b74_o.jpg,https://www.flickr.com/photos/juggernautco/15203893800,https://creativecommons.org/licenses/by/2.0/,https://www.flickr.com/people/juggernautco/,Daniel X. O&#x27;Neil,Chicago Skyline,5766131,CHIfPC+l8XC9t9cG1CFYDg==,https://c4.staticflickr.com/3/2946/15203893800_afe69f9377_z.jpg,0.0
1364423934f9798c,train,https://c5.staticflickr.com/7/6058/6316242265_53148fd54c_o.jpg,https://www.flickr.com/photos/tadekk/6316242265,https://creativecommons.org/licenses/by/2.0/,https://www.flickr.com/people/tadekk/,tadekk,end of the world,1558948,GJ3H1DaO4TJKVJi6zW9Eew==,https://c8.staticflickr.com/7/6058/6316242265_ce287fb994_z.jpg,0.0
01a33b6e778c7314,train,https://farm5.staticflickr.com/3074/2469539397_b4d4478243_o.jpg,https://www.flickr.com/photos/pargon/2469539397,https://creativecommons.org/licenses/by/2.0/,https://www.flickr.com/people/pargon/,Pargon,The Embarcadero,600019,qoJiiisvyIUb7Yv97B1Uhg==,https://c1.staticflickr.com/4/3074/2469539397_9913e21474_z.jpg,0.0
08063576e9ea96f4,train,https://farm5.staticflickr.com/2472/3887161539_fd643863f2_o.jpg,https://www.flickr.com/photos/ravedelay/3887161539,https://creativecommons.org/licenses/by/2.0/,https://www.flickr.com/people/ravedelay/,Kelly DeLay,Lightning 3,1880897,u8GyGnlYB5gG9BdbOsIbIw==,https://c2.staticflickr.com/3/2472/3887161539_8b30173246_z.jpg,0.0
00282f47475005c7,train,https://farm8.staticflickr.com/130/318410381_5eaba5218f_o.jpg,https://www.flickr.com/photos/faceme/318410381,https://creativecommons.org/licenses/by/2.0/,https://www.flickr.com/people/faceme/,FaceMePLS,Stationsstraat,179185,aaqyerMPChZjXlK4cyRQtA==,https://c8.staticflickr.com/1/130/318410381_5eaba5218f_z.jpg?zz=1,0.0
71605e0b61c25965,train,https://farm6.staticflickr.com/4111/4986069080_bcddc9a7c2_o.jpg,https://www.flickr.com/photos/53904184@N04/4986069080,https://creativecommons.org/licenses/by/2.0/,https://www.flickr.com/people/53904184@N04/,apple.white2010,Hong Kong night1,537019,Y2yViAd0+0ZkYycYwNSq0g==,https://c6.staticflickr.com/5/4111/4986069080_b0d54e0fee_z.jpg,0.0
00605bc4a3ff6a51,train,https://farm2.staticflickr.com/7317/11808777115_c34a77e720_o.jpg,https://www.flickr.com/photos/akasped/11808777115,https://creativecommons.org/licenses/by/2.0/,https://www.flickr.com/people/akasped/,edward stojakovic,Chicago during Polar Vortex,6487091,Et6fAK/cpQtlu+hw+3ra5Q==,https://c5.staticflickr.com/8/7317/11808777115_ffff44a9dd_z.jpg,0.0
00d31c21887c260f,train,https://c8.staticflickr.com/8/7134/7599981856_cc678da764_o.jpg,https://www.flickr.com/photos/haggismac/7599981856,https://creativecommons.org/licenses/by/2.0/,https://www.flickr.com/people/haggismac/,Sean Loyless,SPI,405105,T3Du7JDyiG41uN8/5hajFg==,https://c7.staticflickr.com/8/7134/7599981856_cc7c386140_z.jpg,0.0
00064f91bca22502,train,https://farm3.staticflickr.com/6037/6296676135_930fe86a17_o.jpg,https://www.flickr.com/photos/wisley/6296676135,https://creativecommons.org/licenses/by/2.0/,https://www.flickr.com/people/wisley/,wisley,e from new Woodward's Building,1601440,H2eX+i4IXjRP6yDs/LeZMA==,https://c4.staticflickr.com/7/6037/6296676135_8edb1e4340_z.jpg,0.0
0139d8551db41b74,train,https://farm5.staticflickr.com/4073/4766963732_4fa73b616c_o.jpg,https://www.flickr.com/photos/jamsmooth/4766963732,https://creativecommons.org/licenses/by/2.0/,https://www.flickr.com/people/jamsmooth/,Jam Smooth,Downtown ATL,286753,Fe3OA8REfDcTATNydYYOAg==,https://c8.staticflickr.com/5/4073/4766963732_54b35ee753_z.jpg,0.0
0012b41ef6d59df2,train,https://farm3.staticflickr.com/2415/2035925717_99ef0e2ea5_o.jpg,https://www.flickr.com/photos/lostintexas/2035925717,https://creativecommons.org/licenses/by/2.0/,https://www.flickr.com/people/lostintexas/,Alex Archambault,Dallas,208925,TjVBAXmnZexqN7rFZYlcGA==,https://c6.staticflickr.com/3/2415/2035925717_acc4f27667_z.jpg?zz=1,0.0
005fb1a0e8a4a881,train,https://farm2.staticflickr.com/4137/4870920894_9307beac7c_o.jpg,https://www.flickr.com/photos/campuslife/4870920894,https://creativecommons.org/licenses/by/2.0/,https://www.flickr.com/people/campuslife/,Anna Webber,"Calgary, Alberta",393665,ngZlNGIFAhnNh7aZTbpwKA==,https://c1.staticflickr.com/5/4137/4870920894_1269078cd3_z.jpg,
a957a091d6443fb3,train,https://farm4.staticflickr.com/3278/5714632638_51897b367f_o.jpg,https://www.flickr.com/photos/52949402@N03/5714632638,https://creativecommons.org/licenses/by/2.0/,https://www.flickr.com/people/52949402@N03/,skys the limit2,"Closer in view of Downtown Dallas towers ablaze at sunset, 05-05-11",248667,7ocp7iblb4YXTCafaR710A==,https://c8.staticflickr.com/4/3278/5714632638_78e629c144_z.jpg,
74434c4932e745ea,test,https://c3.staticflickr.com/3/2458/3684614283_622a7f8dd8_o.jpg,https://www.flickr.com/photos/jiaren/3684614283,https://creativecommons.org/licenses/by/2.0/,https://www.flickr.com/people/jiaren/,Jiaren Lau,Brisbane Floating Boardwalk Panorama,167957,DSO4MyD61i9BuEjpK4FfrA==,https://c4.staticflickr.com/3/2458/3684614283_8f4b5406b6_z.jpg?zz=1,0.0
00e714bd8934e27d,train,https://c6.staticflickr.com/6/5175/5528374804_cba51471ea_o.jpg,https://www.flickr.com/photos/57412095@N05/5528374804,https://creativecommons.org/licenses/by/2.0/,https://www.flickr.com/people/57412095@N05/,A Yee,"Medical Center - Houston, TX - Astrodome and Reliant Stadium in the background...",10955889,56Wqd20zUy/l0L3wcQtupA==,https://c4.staticflickr.com/6/5175/5528374804_f167f0210e_z.jpg,
006da7d8e0ea820a,train,https://c3.staticflickr.com/6/5506/10561954394_8105efc390_o.jpg,https://www.flickr.com/photos/84281829@N04/10561954394,https://creativecommons.org/licenses/by/2.0/,https://www.flickr.com/people/84281829@N04/,RM Timmerman,City of London Dusk (Colour),6567102,EcqGhGkcYUg7+WsziWI2ew==,https://c5.staticflickr.com/6/5506/10561954394_f1c9f61c15_z.jpg,0.0
f1e22e8f86bde26f,validation,https://c8.staticflickr.com/6/5569/14073635147_71379e911b_o.jpg,https://www.flickr.com/photos/randalfino/14073635147,https://creativecommons.org/licenses/by/2.0/,https://www.flickr.com/people/randalfino/,Randalfino,NYC 2014,4018937,n/udiTKAhXd3tTmwgZKLtQ==,https://c2.staticflickr.com/6/5569/14073635147_38bddb9a7f_z.jpg,0.0
01ebd9a7bc5b1542,train,https://farm3.staticflickr.com/7591/16800811272_494e9e0f0b_o.jpg,https://www.flickr.com/photos/mdpettitt/16800811272,https://creativecommons.org/licenses/by/2.0/,https://www.flickr.com/people/mdpettitt/,Martin Pettitt,"Open House London, View From, City Hall, Tower Of London",3140660,NEH8PCDa3j4x2325icezEw==,https://c5.staticflickr.com/8/7591/16800811272_7189763f67_z.jpg,
0e9b3cf47263f516,train,https://farm7.staticflickr.com/4017/4522454109_cd69562939_o.jpg,https://www.flickr.com/photos/jointhedots/4522454109,https://creativecommons.org/licenses/by/2.0/,https://www.flickr.com/people/jointhedots/,Matt Clark,New York #8,417772,vwIWy/ICL7uldEJxzJn2+g==,https://c1.staticflickr.com/5/4017/4522454109_d9b7c254fd_z.jpg,0.0
07deaef4e936f06f,test,https://c8.staticflickr.com/5/4108/5032143500_f150c64e2d_o.jpg,https://www.flickr.com/photos/kabacchi/5032143500,https://creativecommons.org/licenses/by/2.0/,https://www.flickr.com/people/kabacchi/,Kabacchi,Chiba HDR - 11,305786,SEP5fQE6mun7H5E93pFJDw==,https://c2.staticflickr.com/5/4108/5032143500_76696562a1_z.jpg,0.0
8350073d64b7b61d,train,https://c6.staticflickr.com/4/3047/2679721544_9c25cf80ce_o.jpg,https://www.flickr.com/photos/wm_archiv/2679721544,https://creativecommons.org/licenses/by/2.0/,https://www.flickr.com/people/wm_archiv/,Allie_Caulfield,"2008-04-05 04-06 New York 080 Liberty Island, Construction Site Freedom Tower",2916219,+ZFDRPCbQmJougv4TLhZcA==,https://c6.staticflickr.com/4/3047/2679721544_2a8fe8fe4e_z.jpg,
00ab2e57147849c2,train,https://farm3.staticflickr.com/5594/14949093271_f85f465395_o.jpg,https://www.flickr.com/photos/126227961@N06/14949093271,https://creativecommons.org/licenses/by/2.0/,https://www.flickr.com/people/126227961@N06/,Bill Meeker,"Panoramic nighttime view of the Yaletown area of Vancouver, looking east.",7490693,s4Z/DJztnEn0muKjF9tJfg==,https://c7.staticflickr.com/6/5594/14949093271_a4c86fb18d_z.jpg,
06231ec00e64d63d,train,https://c6.staticflickr.com/4/3866/14962276675_22612cae53_o.jpg,https://www.flickr.com/photos/gooseotter/14962276675,https://creativecommons.org/licenses/by/2.0/,https://www.flickr.com/people/gooseotter/,Ed,Skyline from Promenade Brooklyn 2,646323,+mO/j0EsX1mAPQcUTP/aYg==,https://c4.staticflickr.com/4/3866/14962276675_c4bd700e04_z.jpg,0.0
00862db5115fd182,train,https://farm3.staticflickr.com/2282/2419278105_345cbeecd0_o.jpg,https://www.flickr.com/photos/curtsm/2419278105,https://creativecommons.org/licenses/by/2.0/,https://www.flickr.com/people/curtsm/,Curt Smith,Shibuya and Tokyo Tower,390123,cfw2esNdGR8aSFMYVvAOBg==,https://c8.staticflickr.com/3/2282/2419278105_d8771d2e3b_z.jpg?zz=1,0.0
0a01bbad4039df9c,train,https://c5.staticflickr.com/9/8297/7984194759_2bdd5554c6_o.jpg,https://www.flickr.com/photos/sillysocks/7984194759,https://creativecommons.org/licenses/by/2.0/,https://www.flickr.com/people/sillysocks/,Barbara Ann Spengler,I need to go inside and stop taking pictures...,61649,T8e2G9Pv6hFiyb6MzacMdg==,https://c5.staticflickr.com/9/8297/7984194759_4f7de49a2f_z.jpg,0.0
a5d82f7fd5978d79,train,https://c2.staticflickr.com/8/7334/8914878021_f7d80fbaa0_o.jpg,https://www.flickr.com/photos/myalexis/8914878021,https://creativecommons.org/licenses/by/2.0/,https://www.flickr.com/people/myalexis/,Alexis,Downtown-Miami-at-Night-Florida,29466,jg6PREZ7oRyXfVDJzBcIhQ==,https://c4.staticflickr.com/8/7334/8914878021_60fc3389fe_z.jpg,0.0
0007e04eff1370dc,train,https://c5.staticflickr.com/1/593/20467250163_84eedaa7df_o.jpg,https://www.flickr.com/photos/ruthanddave/20467250163,https://creativecommons.org/licenses/by/2.0/,https://www.flickr.com/people/ruthanddave/,Ruth Hartnup,Clouds in the Corby Cube,4616527,wJ24gNG/CayjrRHQJ34GBw==,https://c2.staticflickr.com/1/593/20467250163_7ee85d84f6_z.jpg,0.0
dd876a49698f0639,test,https://c2.staticflickr.com/2/1071/531132797_ad65c63cca_o.jpg,https://www.flickr.com/photos/mrmystery/531132797,https://creativecommons.org/licenses/by/2.0/,https://www.flickr.com/people/mrmystery/,Pat Guiney,View from the Rocher,2513863,Fmef74h8pcmhQRSc8YzNXw==,https://c2.staticflickr.com/2/1071/531132797_fde03f9203_z.jpg,0.0
02b788ec7b394edb,train,https://c4.staticflickr.com/4/3684/12409055265_41276f9595_o.jpg,https://www.flickr.com/photos/rvc/12409055265,https://creativecommons.org/licenses/by/2.0/,https://www.flickr.com/people/rvc/,rvcroffi,PrÃ©dios de SÃ£o Paulo,1235695,7Z3lpZl38EsvWGkbyNuLdA==,https://c2.staticflickr.com/4/3684/12409055265_ba9e5abac3_z.jpg,
002054b7ed8ef8c7,train,https://farm8.staticflickr.com/4040/4654465590_1327d2edd0_o.jpg,https://www.flickr.com/photos/edenpictures/4654465590,https://creativecommons.org/licenses/by/2.0/,https://www.flickr.com/people/edenpictures/,"Eden, Janine and Jim",The Coast of Brooklyn,2797766,tGPEdYkYNeHmW61lU7EVOw==,https://c8.staticflickr.com/5/4040/4654465590_46344ee32d_z.jpg,
005c9cd140c62d2a,train,https://c3.staticflickr.com/7/6087/6138946263_fa9806e84b_o.jpg,https://www.flickr.com/photos/jared422/6138946263,https://creativecommons.org/licenses/by/2.0/,https://www.flickr.com/people/jared422/,Jared,Tampa - Ballast Point Park - Downtown Tampa Skyline Across Hillsborough Bay (2),1371013,ZXC66iOzNbvjvKgCIknYRw==,https://c7.staticflickr.com/7/6087/6138946263_18bc808045_z.jpg,0.0
0ea0122630dce5da,train,https://c3.staticflickr.com/3/2847/12857772175_4a8082a2f0_o.jpg,https://www.flickr.com/photos/patsch/12857772175,https://creativecommons.org/licenses/by/2.0/,https://www.flickr.com/people/patsch/,Patrik Tschudin,Stadtrandentwicklung Ost,92717,UfAUwR1TX/cNLZUJnGiPaA==,https://c3.staticflickr.com/3/2847/12857772175_25dda490c8_z.jpg,0.0
176df15558354490,train,https://farm1.staticflickr.com/3934/15447112001_ef74651c17_o.jpg,https://www.flickr.com/photos/vagueonthehow/15447112001,https://creativecommons.org/licenses/by/2.0/,https://www.flickr.com/people/vagueonthehow/,vagueonthehow,Top of the Rock,9099929,h5lfZB5PsZ2HffuQXTchcA==,https://c5.staticflickr.com/4/3934/15447112001_d945c66890_z.jpg,0.0
4fad54a64e605a3e,train,https://c7.staticflickr.com/6/5513/9710560617_789f09d4d3_o.jpg,https://www.flickr.com/photos/johnas/9710560617,https://creativecommons.org/licenses/by/2.0/,https://www.flickr.com/people/johnas/,jo.sau,Guangzhou,328886,0A5FB/EnzOmWgH3sKFAw+g==,https://c1.staticflickr.com/6/5513/9710560617_9fe90eef34_z.jpg,0.0
692e9e3c290e82f7,train,https://farm8.staticflickr.com/8444/7995127321_fa5419906b_o.jpg,https://www.flickr.com/photos/cogdog/7995127321,https://creativecommons.org/licenses/by/2.0/,https://www.flickr.com/people/cogdog/,Alan Levine,Sailing Toronto,3625425,gYJo8w7ZDrJMd9veWes9uQ==,https://c2.staticflickr.com/9/8444/7995127321_4f83e24104_z.jpg,0.0
6f9b176d1e4b5ef1,test,https://farm2.staticflickr.com/1263/1015147859_0fbb6219e7_o.jpg,https://www.flickr.com/photos/globetrotteri/1015147859,https://creativecommons.org/licenses/by/2.0/,https://www.flickr.com/people/globetrotteri/,Carrie Kellenberger,"Banciao, Wenhua Road",42582,e7brRgy7QrAhGfeerTsO6g==,,
6f9b176d1e4b5ef1,test,https://farm2.staticflickr.com/1263/1015147859_0fbb6219e7_o.jpg,https://www.flickr.com/photos/globetrotteri/1015147859,https://creativecommons.org/licenses/by/2.0/,https://www.flickr.com/people/globetrotteri/,Carrie Kellenberger,"Banciao, Wenhua Road",42582,e7brRgy7QrAhGfeerTsO6g==,,
00089f491c12d62f,train,https://c8.staticflickr.com/4/3269/2830188116_b6d608a1d9_o.jpg,https://www.flickr.com/photos/littledebbie11/2830188116/,https://creativecommons.org/licenses/by/2.0/,https://www.flickr.com/people/littledebbie11/,Debs (Ã²â€¿Ã³)â™ª,Kokura-jo,1048416,3Krs0D7HeuamGHnGSywtRA==,https://c4.staticflickr.com/4/3269/2830188116_38ea871b9f_z.jpg,0.0
019593419514d93a,train,https://c3.staticflickr.com/4/3814/9632355252_2dea0d8b64_o.jpg,https://www.flickr.com/photos/minhocos/9632355252,https://creativecommons.org/licenses/by/2.0/,https://www.flickr.com/people/minhocos/,Lima Pix,Oh Manâ€¦,408945,dyaTT4SQR+MVTITfRch/4A==,https://c8.staticflickr.com/4/3814/9632355252_88073ba552_z.jpg,0.0
00f1161d674398d9,train,https://c2.staticflickr.com/4/3023/2551346487_55952b907b_o.jpg,https://www.flickr.com/photos/ronalmog/2551346487,https://creativecommons.org/licenses/by/2.0/,https://www.flickr.com/people/ronalmog/,RonAlmog,Israel-Carmel-050508 024,1971577,8Ol9SyC7udgUKMqDr3xWRg==,https://c8.staticflickr.com/4/3023/2551346487_28f5fea0f5_z.jpg,0.0
00f1161d674398d9,train,https://c2.staticflickr.com/4/3023/2551346487_55952b907b_o.jpg,https://www.flickr.com/photos/ronalmog/2551346487,https://creativecommons.org/licenses/by/2.0/,https://www.flickr.com/people/ronalmog/,RonAlmog,Israel-Carmel-050508 024,1971577,8Ol9SyC7udgUKMqDr3xWRg==,https://c8.staticflickr.com/4/3023/2551346487_28f5fea0f5_z.jpg,0.0
3a6454ca72018dec,train,https://c5.staticflickr.com/4/3810/9726086648_d5318118ce_o.jpg,https://www.flickr.com/photos/eelkedekker/9726086648,https://creativecommons.org/licenses/by/2.0/,https://www.flickr.com/people/eelkedekker/,Eelke,Atmosys-final (0.01.43.08),511760,mmUm5HaJ3QKOC+CrhiIxyQ==,https://c4.staticflickr.com/4/3810/9726086648_fd4d3b84a0_z.jpg,0.0
0193d3bb86c9d0e0,train,https://farm1.staticflickr.com/4007/5121432209_e774e0c6ac_o.jpg,https://www.flickr.com/photos/akras/5121432209,https://creativecommons.org/licenses/by/2.0/,https://www.flickr.com/people/akras/,Andrey,Ð£Ñ‚Ñ€ÐµÐ½Ð½Ñ�Ñ� ÐœÐ¾Ñ�ÐºÐ²Ð°,803462,8QHC0Cf9U6Qy23ke0nc1NA==,https://c2.staticflickr.com/5/4007/5121432209_daf432cc99_z.jpg,0.0
00402d44c6135333,train,https://farm4.staticflickr.com/1075/1404524760_6437509b4c_o.jpg,https://www.flickr.com/photos/williamjm/1404524760,https://creativecommons.org/licenses/by/2.0/,https://www.flickr.com/people/williamjm/,William Marnoch,London Bridges,147827,aS15tzTCa6lNN31+Vbnecw==,https://c6.staticflickr.com/2/1075/1404524760_aeeacb7336_z.jpg?zz=1,0.0
002f81522d75f8c2,train,https://farm3.staticflickr.com/5346/17549717485_5f138979ac_o.jpg,https://www.flickr.com/photos/blogchef/17549717485,https://creativecommons.org/licenses/by/2.0/,https://www.flickr.com/people/blogchef/,Urban Explorer Hamburg,Food Trucks Festival Spielbudenplatz 2015,7149713,fQA0TSrEs2SYK3gMZJITkQ==,https://c4.staticflickr.com/6/5346/17549717485_e2b2cda07e_z.jpg,0.0
07b02cce161e0406,train,https://farm7.staticflickr.com/4084/5056438309_178570c7b2_o.jpg,https://www.flickr.com/photos/elainerossbaylon/5056438309,https://creativecommons.org/licenses/by/2.0/,https://www.flickr.com/people/elainerossbaylon/,elaine ross baylon,overlooking han river,3495338,vq5BtHarBy+uZ31stpIuew==,https://c7.staticflickr.com/5/4084/5056438309_df22e23bd9_z.jpg,0.0
00004fd8760d4346,train,https://farm7.staticflickr.com/4123/4870877980_65232452ff_o.jpg,https://www.flickr.com/photos/davidberkowitz/4870877980,https://creativecommons.org/licenses/by/2.0/,https://www.flickr.com/people/davidberkowitz/,David Berkowitz,"Panoramic View - Quito, Ecuador - South America",5033495,MU4RSkpZVSrC4/qrSCA/iw==,https://c2.staticflickr.com/5/4123/4870877980_c80585a6dd_z.jpg,
04686398c20b3e0a,train,https://c3.staticflickr.com/8/7040/13907202653_eb8f1a8774_o.jpg,https://www.flickr.com/photos/cubanrefugee/13907202653,https://creativecommons.org/licenses/by/2.0/,https://www.flickr.com/people/cubanrefugee/,Yovany Camacho,Lunar Eclipse Night 4/15,4324065,EPTJIsjyMnFey5mAqHpbwQ==,https://c7.staticflickr.com/8/7040/13907202653_4fb3b028cc_z.jpg,0.0
00b20d09b71be8a3,train,https://farm4.staticflickr.com/7265/7602837142_b5051f969c_o.jpg,https://www.flickr.com/photos/glynlowe/7602837142,https://creativecommons.org/licenses/by/2.0/,https://www.flickr.com/people/glynlowe/,www.GlynLowe.com,The New York Water Taxi - New Jersey City,428714,G4nH7YsCSFCjVxJryNVoCg==,https://c7.staticflickr.com/8/7265/7602837142_e6aba78a1b_z.jpg,0.0
0f59c94d1478bef9,train,https://c2.staticflickr.com/4/3452/3958063618_b4608b8da9_o.jpg,https://www.flickr.com/photos/aliciamhernandez/3958063618/,https://creativecommons.org/licenses/by/2.0/,https://www.flickr.com/people/aliciamhernandez/,Alicia0928,IMG_0220_1,1556781,fEMiAD2f+OIKAHWVOn6kww==,https://c7.staticflickr.com/4/3452/3958063618_60d21528b7_z.jpg,0.0
003362b7e5d50de1,train,https://farm2.staticflickr.com/3858/14593173280_e855e5bbf2_o.jpg,https://www.flickr.com/photos/cityrunningtourschicago/14593173280,https://creativecommons.org/licenses/by/2.0/,https://www.flickr.com/people/cityrunningtourschicago/,Marlin Keesler,Instant gratification 5k Finish,3608211,kZcXKC/VQW4uHoSmsHy7rQ==,https://c3.staticflickr.com/4/3858/14593173280_6d90359f26_z.jpg,0.0
07f71e9fdea3867c,train,https://c5.staticflickr.com/4/3143/2561296399_6c02a7be53_o.jpg,https://www.flickr.com/photos/gaspa/2561296399,https://creativecommons.org/licenses/by/2.0/,https://www.flickr.com/people/gaspa/,Francesco Gasparetti,Gerusalemme: al aqsa e cupola della roccia,1771233,Q1A2I+8K60cvmyEFqkDXMg==,https://c7.staticflickr.com/4/3143/2561296399_50678af442_z.jpg,0.0
03142c57be3fc9f2,train,https://farm3.staticflickr.com/2895/14426430111_c2772686c0_o.jpg,https://www.flickr.com/photos/davebloggs007/14426430111,https://creativecommons.org/licenses/by/2.0/,https://www.flickr.com/people/davebloggs007/,Thank you for visiting my page,A walk around Calgary,83733,BI3BdKhZA24SpmLIcmE4ag==,https://c7.staticflickr.com/3/2895/14426430111_10cd19b7d8_z.jpg,0.0
4d3f37c325489e39,validation,https://c2.staticflickr.com/1/14/19491144_b296c8ee12_o.jpg,https://www.flickr.com/photos/flissphil/19491144,https://creativecommons.org/licenses/by/2.0/,https://www.flickr.com/people/flissphil/,Phillip Capper,"Cold and miserable, Wellington 15 June 2005",2098950,ANwUnxXYcStPpETWCsJx+g==,https://c7.staticflickr.com/1/14/19491144_b296c8ee12_z.jpg,
0bba41cfd90ca7a6,train,https://farm7.staticflickr.com/2747/4277720330_ea35a743cb_o.jpg,https://www.flickr.com/photos/minniemouseaunt/4277720330,https://creativecommons.org/licenses/by/2.0/,https://www.flickr.com/people/minniemouseaunt/,minniemouseaunt,Split harbour.,306195,/sy0oCXLuvitykIcY5uBGA==,https://c6.staticflickr.com/3/2747/4277720330_869594d692_z.jpg,0.0
da4be9125f1e5462,test,https://farm3.staticflickr.com/111/302327991_80aecacaf0_o.jpg,https://www.flickr.com/photos/foreverphoto/302327991,https://creativecommons.org/licenses/by/2.0/,https://www.flickr.com/people/foreverphoto/,KellyB.,SacrÃ© Coeur,460227,mclU2GLE8ooZApeqQ6MIPg==,https://c1.staticflickr.com/1/111/302327991_80aecacaf0_z.jpg,0.0
167dbfb3f850fa73,train,https://farm4.staticflickr.com/7629/16936332859_f86780c2bb_o.jpg,https://www.flickr.com/photos/zengame/16936332859,https://creativecommons.org/licenses/by/2.0/,https://www.flickr.com/people/zengame/,Zengame,IMG_0112,2709998,Q0ccR0fE68Ik92nkppFT5Q==,https://c4.staticflickr.com/8/7629/16936332859_d4cae88d84_z.jpg,0.0
3b5a3f57ee9b0365,test,https://farm6.staticflickr.com/1/577035_75113a092f_o.jpg,https://www.flickr.com/photos/webseitz/577035/,https://creativecommons.org/licenses/by/2.0/,https://www.flickr.com/people/webseitz/,Bill Seitz,2001-09-11-no-towers,32683,8YGdudzcj1tRY+d/w4pXOQ==,https://c7.staticflickr.com/1/1/577035_75113a092f_z.jpg?zz=1,0.0
0fe5390e30d488b4,train,https://farm5.staticflickr.com/4087/4841431801_8c9b5b4b14_o.jpg,https://www.flickr.com/photos/62821751@N00/4841431801,https://creativecommons.org/licenses/by/2.0/,https://www.flickr.com/people/62821751@N00/,eliotwb,domiono n,17231,wiqyHjAypMFp3ktl5Swhxg==,,
7aef8ea403408bdc,validation,https://c5.staticflickr.com/1/45/116132690_d31dfeb5dc_o.jpg,https://www.flickr.com/photos/ipjmike/116132690,https://creativecommons.org/licenses/by/2.0/,https://www.flickr.com/people/ipjmike/,Michael Rehfeldt,Night shoot 1 BKK,89388,HaSNG+ukF0hlJB7KZYE65w==,,
d973115bbf22d5fa,validation,https://c3.staticflickr.com/3/2471/3933757897_f169b1ea40_o.jpg,https://www.flickr.com/photos/hinnosaar/3933757897,https://creativecommons.org/licenses/by/2.0/,https://www.flickr.com/people/hinnosaar/,Marit &amp; Toomas Hinnosaar,"Fountains of Bellagio, God Bless the USA",140541,GnJJWUU+C6kJPFl/KvKMkA==,https://c3.staticflickr.com/3/2471/3933757897_fa57b9ecab_z.jpg?zz=1,
